muscle,fmax_N,rms_org_frac_fmax,rms_opt_frac_fmax
add_mag2_l,2343.0,0.08676024238905944,0.03802708052909989
add_mag2_r,2343.0,0.08676024238905956,0.02736785064419437
bifemlh_l,2700.0,0.1664187842864727,0.10110173902315808
bifemlh_r,2700.0,0.16641878428647294,0.1077656745283916
bifemsh_l,804.0,0.04586001560181219,0.021239837929314706
bifemsh_r,804.0,0.04586001560181215,0.019818301708413942
ercspn_l,2500.0,0.09802775549813364,0.017637939715295092
ercspn_r,2500.0,0.09802775549813351,0.029229959615120545
extobl_l,900.0,0.27719772942480797,0.10198334642837016
extobl_r,900.0,0.2771977294248086,0.12308487852273911
gem_l,164.0,2.317618732877161,1.2854982143280238
gem_r,164.0,2.317618732877161,1.2999105894596148
glut_max1_l,573.0,0.10132858505274464,0.05926843388670281
glut_max1_r,573.0,0.10132858505274461,0.0570108455273548
glut_max2_l,819.0,0.10761191016565935,0.061368235098044725
glut_max2_r,819.0,0.10761191016565941,0.071396892872951
glut_max3_l,552.0,0.08917242187639421,0.03970170513387984
glut_max3_r,552.0,0.08917242187639425,0.036231691996671915
glut_med1_l,1119.0,0.2475025270638398,0.12258497399756167
glut_med1_r,1119.0,0.24750252706383985,0.12625010682653182
glut_med2_l,873.0,0.10727351158290635,0.036125861541361215
glut_med2_r,873.0,0.1072735115829063,0.043322721618647045
glut_med3_l,1000.0,0.12679995031408317,0.04539143237757854
glut_med3_r,1000.0,0.12679995031408325,0.07349843378126335
grac_l,162.0,0.02990575065345,0.024305319832562674
grac_r,162.0,0.029905750653449924,0.017578998803357712
iliacus_l,1073.0,0.08194134667257537,0.056237720663062256
iliacus_r,1073.0,0.08302697544919944,0.057743292039839154
intobl_l,900.0,1.6134932067986492,0.9317736105750619
intobl_r,900.0,1.6134932067986492,0.9297536342988961
med_gas_l,2500.0,0.10107351936599593,0.04079205941543182
med_gas_r,2500.0,0.10107351936599547,0.03850240890947362
pect_l,266.0,0.1182201176730991,0.03559898989450245
pect_r,266.0,0.11822011767309912,0.06512264620234355
peri_l,444.0,0.5011342001691367,0.26705218807916886
peri_r,444.0,0.5011342001691369,0.27186279519096845
psoas_l,1113.0,0.08429007490566151,0.05803690010726867
psoas_r,1113.0,0.08429007490566164,0.05762194263743875
quad_fem_l,381.0,2.83347639884693,1.7313320941990364
quad_fem_r,381.0,2.83347639884693,1.472702486693187
rect_fem_l,1169.0,0.4072187280401105,0.20270811881630676
rect_fem_r,1169.0,0.4072187976591,0.19872415912358912
sar_l,156.0,0.02637495448033712,0.025890354304621912
sar_r,156.0,0.026374954480337085,0.025880434473677036
soleus_l,4000.0,0.2342707689623028,0.04488498737481178
soleus_r,4000.0,0.234270768962303,0.08942177254832837
tfl_l,233.0,0.27398682657586226,0.09579735658339242
tfl_r,233.0,0.27398682657586204,0.13752994051132916
tib_ant_l,3000.0,0.0617963446227659,0.017291367228445518
tib_ant_r,3000.0,0.061796344622765606,0.05821472800247908
tib_post_l,3600.0,0.282537632039596,0.03746497424933666
tib_post_r,3600.0,0.2825376320395935,0.05442548414894488
vas_int_l,5000.0,0.04190034828515058,0.028043944355754125
vas_int_r,5000.0,0.04190038473455432,0.01966950002835289
