muscle,joints,rms_org_m,rms_opt_m,peak_abs_ma_osim_m,rel_opt_pct,optimised
add_mag2_l,hip_adduction_l+hip_flexion_l+hip_rotation_l,1.0388249507024262e-05,1.0388249507024262e-05,0.07479859750374636,0.01388829450512619,False
add_mag2_r,hip_adduction_r+hip_flexion_r+hip_rotation_r,1.0388249507023867e-05,1.0388249507023867e-05,0.07479859750374636,0.013888294505125662,False
bifemlh_l,hip_adduction_l+hip_flexion_l+hip_rotation_l+knee_angle_l,0.006245726911752032,0.006245726911752032,0.0675611418957212,9.244554986048257,False
bifemlh_r,hip_adduction_r+hip_flexion_r+hip_rotation_r+knee_angle_r,0.0062457269117520324,0.0062457269117520324,0.0675611418957212,9.244554986048257,False
bifemsh_l,knee_angle_l,0.012940079369235176,0.012940079369235176,0.03386395101064717,38.21195986601411,False
bifemsh_r,knee_angle_r,0.012940079369235179,0.012940079369235179,0.03386395101064717,38.211959866014126,False
ercspn_l,lumbar_bending+lumbar_extension+lumbar_rotation,6.362716768790443e-06,6.362716768790443e-06,0.06801855703399079,0.009354383636234467,False
ercspn_r,lumbar_bending+lumbar_extension+lumbar_rotation,6.36271676879021e-06,6.36271676879021e-06,0.06801855703399079,0.009354383636234124,False
extobl_l,lumbar_bending+lumbar_extension+lumbar_rotation,1.5082476883206414e-05,1.5082476883206414e-05,0.15866120420371535,0.009506090010410514,False
extobl_r,lumbar_bending+lumbar_extension+lumbar_rotation,1.508247688320615e-05,1.508247688320615e-05,0.15866120420371532,0.009506090010410351,False
gem_l,hip_adduction_l+hip_flexion_l+hip_rotation_l,9.689760610285484e-06,9.689760610285484e-06,0.04612979008555634,0.021005429663378063,False
gem_r,hip_adduction_r+hip_flexion_r+hip_rotation_r,9.689760610287168e-06,9.689760610287168e-06,0.04612979008555634,0.021005429663381713,False
glut_max1_l,hip_adduction_l+hip_flexion_l+hip_rotation_l,1.3427777664783803e-05,1.3427777664783803e-05,0.0649971421849279,0.020659027787067154,False
glut_max1_r,hip_adduction_r+hip_flexion_r+hip_rotation_r,1.3427777664783945e-05,1.3427777664783945e-05,0.0649971421849279,0.020659027787067373,False
glut_max2_l,hip_adduction_l+hip_flexion_l+hip_rotation_l,1.1718192247400049e-05,1.1718192247400049e-05,0.06764218303035663,0.01732379370745786,False
glut_max2_r,hip_adduction_r+hip_flexion_r+hip_rotation_r,1.171819224740248e-05,1.171819224740248e-05,0.06764218303035663,0.017323793707461455,False
glut_max3_l,hip_adduction_l+hip_flexion_l+hip_rotation_l,1.5167067733363691e-05,1.5167067733363691e-05,0.09906781277772062,0.015309783579651834,False
glut_max3_r,hip_adduction_r+hip_flexion_r+hip_rotation_r,1.5167067733363396e-05,1.5167067733363396e-05,0.09906781277772062,0.015309783579651536,False
glut_med1_l,hip_adduction_l+hip_flexion_l+hip_rotation_l,1.3714484888317745e-05,1.3714484888317745e-05,0.05959599659711947,0.023012426457150018,False
glut_med1_r,hip_adduction_r+hip_flexion_r+hip_rotation_r,1.3714484888318982e-05,1.3714484888318982e-05,0.05959599659711947,0.02301242645715209,False
glut_med2_l,hip_adduction_l+hip_flexion_l+hip_rotation_l,1.472417027970977e-05,1.472417027970977e-05,0.05884064727077316,0.02502380745737214,False
glut_med2_r,hip_adduction_r+hip_flexion_r+hip_rotation_r,1.472417027970988e-05,1.472417027970988e-05,0.05884064727077316,0.025023807457372326,False
glut_med3_l,hip_adduction_l+hip_flexion_l+hip_rotation_l,1.576360531835414e-05,1.576360531835414e-05,0.06024605820181533,0.026165372123680537,False
glut_med3_r,hip_adduction_r+hip_flexion_r+hip_rotation_r,1.5763605318355232e-05,1.5763605318355232e-05,0.06024605820181533,0.02616537212368235,False
grac_l,hip_adduction_l+hip_flexion_l+hip_rotation_l+knee_angle_l,0.0053398670606495955,0.0053398670606495955,0.07643564936668598,6.9860949764848135,False
grac_r,hip_adduction_r+hip_flexion_r+hip_rotation_r+knee_angle_r,0.005339867060649596,0.005339867060649596,0.07643564936668598,6.986094976484815,False
iliacus_l,hip_adduction_l+hip_flexion_l+hip_rotation_l,0.003527878699501556,0.003527878699501556,0.04618479374796737,7.638615252356347,False
iliacus_r,hip_adduction_r+hip_flexion_r+hip_rotation_r,0.003544292799668999,0.003544292799668999,0.04618479374796737,7.674155305337888,False
intobl_l,lumbar_bending+lumbar_extension+lumbar_rotation,1.461597757541757e-05,1.461597757541757e-05,0.12997899166388216,0.011244876874574938,False
intobl_r,lumbar_bending+lumbar_extension+lumbar_rotation,1.4615977575426058e-05,1.4615977575426058e-05,0.12997899166388216,0.011244876874581469,False
med_gas_l,ankle_angle_l+knee_angle_l+subtalar_angle_l,0.002580828261598573,0.002580828261598573,0.0492445517170842,5.2408401977659125,False
med_gas_r,ankle_angle_r+knee_angle_r+subtalar_angle_r,0.0025808282615985643,0.0025808282615985643,0.0492445517170842,5.240840197765896,False
pect_l,hip_adduction_l+hip_flexion_l+hip_rotation_l,7.819150249934652e-06,7.819150249934652e-06,0.04763684810180211,0.016414079775439325,False
pect_r,hip_adduction_r+hip_flexion_r+hip_rotation_r,7.819150249933772e-06,7.819150249933772e-06,0.04763684810180211,0.01641407977543748,False
peri_l,hip_adduction_l+hip_flexion_l+hip_rotation_l,1.1469578910054498e-05,1.1469578910054498e-05,0.04604303934441925,0.024910559931236805,False
peri_r,hip_adduction_r+hip_flexion_r+hip_rotation_r,1.1469578910056031e-05,1.1469578910056031e-05,0.04604303934441925,0.024910559931240132,False
psoas_l,hip_adduction_l+hip_flexion_l+hip_rotation_l,0.0033266570014651997,0.0033266570014651997,0.0465472508233624,7.146838841437069,False
psoas_r,hip_adduction_r+hip_flexion_r+hip_rotation_r,0.0033266570014651993,0.0033266570014651993,0.0465472508233624,7.146838841437067,False
quad_fem_l,hip_adduction_l+hip_flexion_l+hip_rotation_l,1.2282246767385792e-05,1.2282246767385792e-05,0.06270473871648377,0.01958742994356349,False
quad_fem_r,hip_adduction_r+hip_flexion_r+hip_rotation_r,1.228224676738708e-05,1.228224676738708e-05,0.06270473871648377,0.019587429943565545,False
rect_fem_l,hip_adduction_l+hip_flexion_l+hip_rotation_l+knee_angle_l,0.0216069056953034,0.0216069056953034,0.05474196704157673,39.47045907008214,False
rect_fem_r,hip_adduction_r+hip_flexion_r+hip_rotation_r+knee_angle_r,0.02160689881464327,0.02160689881464327,0.05474196704157673,39.470446500822206,False
sar_l,knee_angle_l,0.013404259572038996,0.013404259572038996,0.020279182243782418,66.09861981071121,False
sar_l,hip_adduction_l+hip_flexion_l+hip_rotation_l,1.5066805342476398e-05,1.5066805342476398e-05,0.0942320322889409,0.015989048497094382,False
sar_r,knee_angle_r,0.013404259572038996,0.013404259572038996,0.020279182243782418,66.09861981071121,False
sar_r,hip_adduction_r+hip_flexion_r+hip_rotation_r,1.5066805342475974e-05,1.5066805342475974e-05,0.0942320322889409,0.01598904849709393,False
soleus_l,ankle_angle_l+subtalar_angle_l,4.233663032277761e-06,4.233663032277761e-06,0.05078665513829123,0.008336172210494205,False
soleus_r,ankle_angle_r+subtalar_angle_r,4.23366303228057e-06,4.23366303228057e-06,0.05078665513829123,0.008336172210499735,False
tfl_l,knee_angle_l,0.00879584483290296,0.00879584483290296,0.013956874057512288,63.021596359312255,False
tfl_l,hip_adduction_l+hip_flexion_l+hip_rotation_l,2.0864775385301612e-05,2.0864775385301612e-05,0.09867799664982493,0.021144303789773614,False
tfl_r,knee_angle_r,0.008795844832902962,0.008795844832902962,0.013956874057512288,63.02159635931227,False
tfl_r,hip_adduction_r+hip_flexion_r+hip_rotation_r,2.0864775385300098e-05,2.0864775385300098e-05,0.09867799664982493,0.021144303789772077,False
tib_ant_l,ankle_angle_l+subtalar_angle_l,5.889060376076617e-06,5.889060376076617e-06,0.043743951172572806,0.013462570751425451,False
tib_ant_r,ankle_angle_r+subtalar_angle_r,5.8890603760849865e-06,5.8890603760849865e-06,0.043743951172572806,0.013462570751444582,False
tib_post_l,ankle_angle_l+subtalar_angle_l,3.9298044381080884e-06,3.9298044381080884e-06,0.021900921548607667,0.017943557440659036,False
tib_post_r,ankle_angle_r+subtalar_angle_r,3.929804438122031e-06,3.929804438122031e-06,0.021900921548607667,0.017943557440722693,False
vas_int_l,knee_angle_l,0.007148480202436587,0.007148480202436587,0.04812279473447629,14.854665531956833,False
vas_int_r,knee_angle_r,0.00714842213773686,0.00714842213773686,0.04812279473447629,14.854544872506258,False
